sz,time
100,0.0203683962
200,0.1131092518
300,0.3105827558
400,0.6982914206
500,1.3299991288
600,2.241459219
700,3.5401988202
800,5.227769617
900,7.4148761596
1000,10.12660238
